Method Name,# Total Folds,# Fold Number,# Predictions,# Truth,Computation Time (ms),Prediction Indices,True Indices,,,,,,,,,,,,,,,,,,,,,,,,,,,,,,,,,,,,,,,,,,,,,,,,,,,,,,,,,,,,,,,,,,,,,,,,,,,,,,,,,,,,,,,,,,,,,,,,,,,,,,,
GERF,10,1,100,5,14.16397095,54,347,196,548,493,585,518,501,373,503,160,409,453,445,216,455,191,513,31,589,620,607,33,116,16,491,600,163,283,154,413,66,177,551,12,77,126,469,502,359,168,35,330,574,580,541,202,6,105,169,289,386,178,88,266,555,552,225,240,81,5,185,436,89,391,172,316,319,614,484,366,446,22,388,495,396,525,135,253,367,477,426,374,344,360,42,536,598,175,617,19,458,52,301,246,182,557,209,507,224,151,152,299,360,361
GERF,10,1,100,5,0.519275665,347,54,196,548,585,518,493,501,373,409,160,453,445,503,455,31,216,191,513,620,589,607,116,33,491,283,16,163,600,66,12,154,413,77,551,126,177,502,580,330,574,541,469,168,35,169,202,359,105,386,6,289,555,552,88,89,178,266,5,172,240,225,436,81,446,391,316,185,253,366,614,388,319,495,367,22,484,135,525,396,374,477,360,426,52,332,175,42,246,598,536,458,19,209,84,224,182,617,344,557,147,188,494,495,496
GERF,10,1,100,5,0.658988953,347,54,196,548,585,445,493,216,518,453,373,589,191,503,620,455,409,31,160,16,607,501,116,283,600,513,163,154,502,66,12,491,202,413,126,177,77,551,169,541,81,105,330,289,240,391,185,33,386,88,446,436,580,574,172,366,552,5,225,319,374,495,175,6,253,525,477,135,52,19,344,22,614,178,82,84,275,266,56,388,42,557,332,168,209,316,365,505,35,448,182,359,469,301,246,367,218,300,617,516,577,578,579,580,581
GERF,10,1,100,5,0.576019287,347,196,54,548,445,585,620,493,31,518,455,589,453,191,501,216,607,373,160,503,283,409,16,163,116,513,600,66,413,12,502,491,154,126,202,541,169,177,77,551,105,386,240,574,5,436,330,172,81,552,580,391,289,366,446,88,185,33,374,495,225,253,319,525,6,135,22,477,175,84,388,19,365,52,42,614,332,178,344,246,266,35,209,505,367,82,182,316,617,245,275,89,56,557,360,168,598,483,606,218,228,243,403,518,544
GERF,10,1,100,5,0.530481339,347,196,54,548,585,493,445,518,216,455,453,589,31,620,373,191,503,501,160,409,607,513,283,16,116,163,600,66,413,12,502,154,491,126,202,177,77,541,169,551,105,386,574,33,330,240,81,172,5,580,552,185,436,88,391,366,289,225,446,6,319,374,525,495,253,22,135,477,388,35,175,84,344,178,614,266,19,168,52,42,332,316,89,365,246,56,557,275,359,367,617,469,182,209,82,505,360,396,448,598,410,411,412,596,597
GERF,10,1,100,5,0.524997711,347,54,196,548,585,493,518,501,445,453,373,160,409,31,216,455,503,620,191,513,589,607,116,283,16,491,600,163,66,12,154,413,33,502,126,77,177,551,541,202,580,574,169,330,386,105,88,289,168,6,552,240,35,81,469,391,5,359,436,172,366,225,178,185,446,266,253,319,89,495,374,388,316,135,525,614,555,22,367,477,175,396,52,332,19,484,360,246,42,84,182,617,426,344,209,557,598,365,458,301,75,209,524,599,606
GERF,10,1,100,5,0.494241714,347,196,54,548,503,585,493,445,518,453,160,501,191,373,409,455,589,620,216,607,31,283,513,600,16,116,163,413,66,154,12,491,502,126,202,177,551,541,169,77,105,240,436,552,574,5,81,289,33,580,386,330,391,185,88,172,319,366,225,495,446,344,6,374,477,525,135,22,175,178,253,388,614,42,84,35,19,266,52,182,275,209,168,246,56,365,82,557,617,316,332,367,505,448,359,89,360,218,396,300,306,313,314,427,482
GERF,10,1,100,5,0.474214554,347,196,54,548,585,445,493,518,455,501,620,453,409,160,373,503,31,191,216,589,607,283,513,16,163,116,600,66,491,12,413,502,154,126,202,77,541,169,177,551,105,33,330,386,580,574,240,81,289,172,391,436,552,5,185,446,88,366,374,6,319,225,495,253,525,135,388,477,22,35,266,178,168,614,175,367,42,52,316,344,19,84,246,89,359,469,365,332,209,617,182,505,275,557,396,555,360,448,598,56,89,222,223,601,618
GERF,10,1,100,5,0.49161911,347,196,54,548,518,493,585,445,501,373,453,160,503,31,455,191,216,409,620,589,513,607,283,116,16,600,491,413,163,154,66,12,502,126,177,33,551,77,541,202,574,169,580,105,330,386,552,88,289,240,5,436,35,172,6,168,81,185,391,225,366,359,178,446,253,319,469,495,22,266,525,374,614,135,388,316,89,555,477,367,175,396,360,344,52,19,42,84,332,182,246,209,617,557,275,365,458,598,426,505,45,127,362,519,600
GERF,10,1,100,5,0.474691391,347,196,54,548,518,585,493,453,445,160,503,373,501,620,455,191,31,409,216,589,607,513,283,116,600,16,491,163,413,66,154,12,502,126,177,551,77,33,202,541,169,574,105,580,330,386,552,289,88,5,240,81,436,391,366,6,185,172,225,178,35,168,495,446,319,253,374,525,614,22,135,266,359,388,477,175,316,469,89,52,344,19,367,182,42,332,396,555,246,84,360,209,557,275,617,82,365,458,301,621,118,119,134,135,241
GERF,10,2,100,5,14.43505287,629,362,247,157,369,66,381,566,249,426,316,372,330,438,460,419,577,110,192,280,582,531,385,93,170,218,327,272,95,509,453,506,117,590,196,364,44,85,540,25,171,261,202,47,213,594,245,603,571,148,113,123,39,13,248,334,184,290,111,86,584,601,483,319,386,349,169,474,464,630,250,449,160,490,222,321,446,295,104,621,125,459,421,76,255,72,411,121,180,516,592,585,412,108,588,538,404,256,112,525,151,152,299,360,361
GERF,10,2,100,5,0.479221344,629,362,247,369,66,157,249,381,426,316,566,372,280,419,438,460,330,192,577,582,531,327,218,170,110,93,385,272,95,509,453,196,117,44,590,85,506,171,603,364,540,261,245,571,47,202,184,111,25,594,148,584,213,113,123,334,39,86,601,319,13,483,290,464,248,474,349,386,169,630,295,446,490,160,621,121,222,459,250,449,321,421,125,411,538,76,255,72,104,180,412,525,404,516,610,246,112,592,585,588,147,188,494,495,496
GERF,10,2,100,5,0.534057617,629,362,66,247,157,369,372,249,381,426,566,280,218,330,316,438,327,531,110,582,385,419,170,577,509,272,93,460,196,603,453,192,117,95,47,261,111,202,85,171,248,44,148,474,464,123,319,184,571,590,222,39,449,349,160,584,113,321,621,506,594,290,601,250,446,630,125,295,246,421,538,76,72,516,459,351,490,121,610,169,245,25,285,411,18,140,364,423,585,485,239,112,479,615,137,334,357,302,412,59,577,578,579,580,581
GERF,10,2,100,5,0.477552414,629,362,247,369,66,157,249,426,566,372,381,280,327,218,316,582,531,438,330,419,385,170,509,577,93,460,192,110,272,95,453,44,196,117,202,603,171,261,111,47,319,85,123,184,464,148,571,113,621,446,474,160,349,590,321,290,248,39,421,250,584,538,449,222,506,601,630,594,121,285,295,245,76,610,459,125,302,112,246,239,411,18,72,490,516,169,25,485,351,585,364,334,140,213,510,412,479,357,545,59,228,243,403,518,544
GERF,10,2,100,5,0.48995018,629,362,247,66,157,369,381,566,249,426,372,316,280,327,218,330,438,531,582,460,419,385,93,170,110,577,192,509,272,117,95,453,196,171,44,202,603,261,111,47,85,123,571,184,148,319,464,113,290,248,590,474,506,349,39,421,621,160,446,250,222,594,449,584,321,630,601,538,125,245,295,25,364,459,121,72,76,246,169,490,334,18,112,516,610,213,411,285,239,351,302,540,483,386,485,59,585,140,510,423,410,411,412,596,597
GERF,10,2,100,5,0.499248505,629,362,247,369,66,157,249,381,426,566,372,316,280,438,419,218,330,531,327,460,582,577,192,170,93,385,110,272,509,95,196,117,453,44,85,603,171,261,202,506,590,148,184,47,111,571,113,245,123,364,319,594,39,584,464,25,248,601,349,290,540,213,474,621,334,630,250,446,160,169,222,483,295,421,449,321,386,121,459,490,13,411,86,125,538,72,76,412,104,180,610,516,246,112,585,592,485,239,285,255,75,209,524,599,606
GERF,10,2,100,5,0.584363937,362,629,247,157,369,566,66,381,426,249,372,218,330,327,531,316,280,385,438,577,93,110,582,509,170,460,419,192,117,453,272,95,202,44,47,261,123,196,603,319,171,85,148,449,111,474,248,590,39,349,184,464,113,160,571,290,421,446,621,250,321,630,506,222,594,601,76,295,584,121,25,538,364,245,169,213,490,459,72,485,411,112,125,246,516,585,285,239,104,334,302,610,483,140,386,615,412,510,18,592,306,313,314,427,482
GERF,10,2,100,5,0.511407852,362,629,247,369,66,157,566,249,372,381,426,280,316,327,438,218,531,582,330,577,460,419,93,385,170,192,509,110,272,95,453,117,196,44,603,261,171,202,47,85,111,184,319,123,148,590,571,464,621,506,248,113,349,474,39,446,290,160,584,421,245,250,449,222,601,594,630,121,321,295,76,538,459,364,213,483,169,125,334,25,112,285,411,490,540,610,72,246,302,386,351,516,239,485,585,18,104,412,59,510,89,222,223,601,618
GERF,10,2,100,5,0.499725342,629,362,247,369,157,66,566,426,381,249,316,372,327,419,280,330,218,438,531,577,192,582,170,460,93,385,110,272,509,95,453,117,196,44,171,261,85,202,47,603,590,319,113,506,123,111,571,148,184,594,464,349,39,364,25,474,290,248,446,584,601,245,160,621,213,250,334,630,540,449,421,321,169,295,490,459,483,121,222,538,125,386,411,72,13,76,104,412,86,610,516,112,180,246,485,585,592,285,59,302,45,127,362,519,600
GERF,10,2,100,5,0.467777252,629,362,247,369,157,66,566,249,381,426,372,316,218,280,531,330,327,438,419,582,385,577,93,170,192,110,509,460,272,117,453,95,196,44,202,85,171,603,261,47,590,319,148,123,184,571,111,113,464,39,474,349,506,248,449,364,160,25,245,594,621,290,584,250,446,630,321,295,601,421,213,222,169,490,121,459,334,411,538,540,72,483,76,386,125,412,104,516,246,610,112,485,585,13,592,239,285,180,510,59,118,119,134,135,241
GERF,10,3,100,5,14.26386833,175,465,336,120,441,139,340,317,80,582,370,452,299,422,361,154,225,492,87,132,247,419,281,308,304,66,572,258,296,437,126,291,131,81,253,521,499,348,563,549,276,482,166,266,566,245,383,118,103,92,287,234,15,10,53,284,119,357,196,34,392,110,550,449,237,541,496,78,267,115,601,173,214,224,630,19,165,516,94,377,350,406,59,11,365,480,251,438,463,457,378,447,408,176,162,376,216,123,610,249,151,152,299,360,361
GERF,10,3,100,5,0.580072403,465,336,175,441,166,370,103,549,383,80,422,317,452,11,361,139,165,87,419,492,225,304,154,247,281,15,299,572,499,582,357,92,496,132,71,437,521,10,94,308,482,53,600,291,563,463,120,131,287,449,126,340,234,81,392,566,66,350,284,276,19,406,118,253,78,245,196,376,119,348,249,296,377,237,34,216,580,619,59,365,258,565,550,115,50,267,453,251,438,586,123,457,630,516,173,417,224,266,364,176,147,188,494,495,496
GERF,10,3,100,5,0.510215759,281,441,92,175,66,449,549,419,452,10,572,154,196,237,299,361,258,166,438,165,253,447,276,15,139,383,370,336,80,118,71,78,251,247,304,541,630,90,422,120,317,267,119,492,610,445,245,457,406,296,582,463,14,550,374,465,357,87,437,348,566,11,417,586,53,291,132,499,565,126,328,125,376,47,115,600,563,493,482,216,19,34,365,103,94,350,477,480,225,521,569,287,173,249,135,284,496,432,176,619,577,578,579,580,581
GERF,10,3,100,5,0.591516495,383,441,463,317,166,496,165,376,549,600,237,103,92,361,71,281,11,563,572,437,90,80,175,336,449,521,196,120,308,499,53,422,357,566,291,477,66,580,328,370,452,19,392,350,78,447,10,276,419,251,267,630,299,304,417,582,465,365,586,139,224,287,94,550,445,249,565,558,406,15,284,247,14,119,258,226,59,132,492,541,377,333,569,253,364,154,118,176,173,619,348,34,115,374,453,457,493,245,81,416,228,243,403,518,544
GERF,10,3,100,5,0.560522079,441,317,449,175,572,166,66,383,92,463,336,465,10,276,120,80,361,437,53,549,196,281,452,376,496,165,11,521,304,582,370,103,357,422,563,566,600,237,308,71,291,419,78,499,299,392,90,19,154,447,492,550,34,139,267,258,565,132,284,251,417,225,580,176,224,119,477,350,482,630,328,348,340,15,541,247,586,253,365,226,173,118,115,245,81,406,558,569,287,234,374,480,59,457,94,619,364,249,50,438,410,411,412,596,597
GERF,10,3,100,5,0.581502914,441,336,175,370,383,549,361,452,465,80,166,317,422,419,572,139,165,299,11,120,281,103,291,10,499,521,154,15,304,357,492,71,276,53,287,66,87,496,600,437,132,196,463,582,253,92,78,563,308,237,376,247,284,449,81,258,392,365,406,118,550,173,225,119,350,580,586,19,630,251,94,126,566,90,340,565,482,216,348,267,245,234,374,34,558,447,377,438,59,619,453,226,417,176,296,131,493,477,115,50,75,209,524,599,606
GERF,10,3,100,5,0.578403473,317,441,175,452,572,499,237,336,132,139,496,276,80,281,308,383,563,463,465,258,422,566,284,66,196,582,521,291,120,296,247,87,90,340,166,304,370,492,361,251,10,419,541,630,357,53,437,600,550,299,118,287,565,19,457,376,549,447,224,477,78,445,392,15,365,92,122,480,482,176,449,119,316,267,165,350,253,103,11,588,225,569,266,173,328,34,558,14,94,309,348,9,71,516,406,226,154,81,453,610,306,313,314,427,482
GERF,10,3,100,5,0.551939011,549,92,317,336,449,383,175,441,376,80,281,572,165,11,291,496,499,563,299,452,166,463,566,465,103,118,361,53,422,437,308,357,71,66,304,276,237,521,600,580,10,296,247,447,419,139,119,582,87,94,284,365,370,15,120,258,90,19,132,154,196,350,492,364,482,249,550,81,586,377,115,348,340,245,78,267,630,216,253,445,392,176,266,565,224,225,287,226,619,251,333,234,406,417,477,328,453,541,34,14,89,222,223,601,618
GERF,10,3,100,5,0.549316406,441,370,175,317,336,139,465,383,361,452,80,166,103,422,499,496,308,132,492,572,600,419,120,291,563,582,165,357,225,247,237,463,66,304,437,549,11,71,276,281,521,299,287,10,284,392,15,340,267,53,78,196,19,565,365,173,376,350,154,87,406,477,630,251,258,566,81,253,90,482,126,457,34,328,453,558,92,550,348,118,296,224,493,580,119,214,447,480,245,377,417,449,176,226,541,131,115,586,216,94,45,127,362,519,600
GERF,10,3,100,5,0.556945801,572,452,441,175,499,370,383,139,336,496,87,166,317,422,419,132,465,361,281,15,463,80,549,284,196,276,237,600,563,287,247,357,521,304,165,492,10,565,120,299,154,11,173,19,258,582,365,119,457,71,630,308,251,118,477,34,66,437,291,296,480,103,392,550,53,453,94,126,216,340,253,90,350,78,328,376,81,406,176,267,225,580,558,493,226,438,566,541,516,377,482,586,309,122,249,348,59,374,416,50,118,119,134,135,241
GERF,10,4,100,5,14.48225975,15,395,614,133,0,448,64,94,121,317,210,272,449,206,59,205,557,245,562,445,600,454,518,7,629,603,551,41,284,8,186,462,31,337,252,156,396,465,274,170,4,86,405,398,370,622,208,36,377,111,510,251,476,189,197,471,200,497,540,538,563,163,380,544,92,261,116,196,474,340,383,442,626,587,530,311,534,13,222,2,209,49,359,191,487,23,270,560,33,40,430,25,285,420,24,532,508,148,350,9,151,152,299,360,361
GERF,10,4,100,5,0.63252449,15,210,64,518,629,0,614,395,557,252,272,206,121,133,31,600,7,603,186,317,445,209,41,551,59,337,476,510,448,340,274,405,454,170,449,398,462,189,420,197,111,540,156,563,208,284,205,562,245,251,442,163,49,594,532,200,396,94,465,219,497,626,261,8,25,377,40,196,33,383,116,370,530,622,587,86,92,505,153,350,560,537,191,269,487,285,232,430,534,474,254,13,538,36,52,9,322,120,270,471,147,188,494,495,496
GERF,10,4,100,5,0.581741333,15,603,614,64,317,405,449,476,337,454,272,0,340,59,252,284,518,41,377,445,206,594,622,395,396,40,370,121,31,563,8,52,197,350,600,245,92,205,222,2,626,116,398,251,210,487,557,200,86,534,448,462,37,196,130,7,562,505,4,540,133,618,497,170,510,49,560,380,208,24,587,68,153,274,544,189,629,403,541,23,551,474,537,463,625,465,538,185,120,442,131,311,430,163,360,383,186,232,270,420,577,578,579,580,581
GERF,10,4,100,5,0.524520874,252,629,405,64,31,476,340,41,518,614,121,210,186,59,603,49,219,208,449,7,153,15,317,383,0,205,189,557,594,272,540,445,398,600,170,618,442,206,337,8,131,25,505,116,462,350,626,551,197,52,563,541,24,284,639,68,40,251,37,163,530,538,560,534,191,395,133,370,13,261,274,23,454,448,322,120,463,232,92,562,114,396,86,430,497,622,459,22,532,335,587,4,270,403,510,544,433,111,474,33,228,243,403,518,544
GERF,10,4,100,5,0.56219101,252,614,41,405,0,518,15,186,557,64,121,31,317,603,476,629,449,340,206,272,59,383,210,205,448,116,600,189,8,398,49,462,7,505,284,445,219,626,395,133,562,540,337,40,370,92,208,454,153,442,197,170,251,13,530,618,551,594,534,163,350,24,377,245,261,68,52,396,538,587,23,196,563,25,114,274,4,497,420,86,2,270,430,191,131,37,156,111,560,622,465,232,510,474,459,487,544,463,625,322,410,411,412,596,597
GERF,10,4,100,5,0.473022461,210,0,15,518,252,64,317,629,614,121,395,41,600,337,448,445,272,557,340,405,31,7,603,206,454,133,186,398,449,59,551,189,462,274,497,284,40,476,370,197,111,540,200,170,396,563,208,594,156,442,205,560,219,626,562,209,163,8,261,251,116,420,622,92,465,196,538,49,13,383,377,153,532,510,245,639,94,270,322,587,4,530,541,505,2,350,33,537,474,25,9,131,458,86,487,222,254,191,37,52,75,209,524,599,606
GERF,10,4,100,5,0.491142273,59,614,64,208,449,15,405,41,476,210,340,252,395,31,317,133,121,629,618,8,448,284,350,445,205,462,538,272,49,454,337,4,24,206,497,245,116,603,518,0,563,7,541,544,86,562,186,557,163,551,534,120,600,370,23,170,197,471,442,68,189,25,153,383,111,270,131,92,251,36,13,530,37,540,594,463,274,403,52,377,459,130,430,622,219,261,40,396,510,474,487,560,626,2,191,232,185,505,222,158,306,313,314,427,482
GERF,10,4,100,5,0.626802444,340,64,629,15,252,476,518,614,405,41,603,31,206,462,121,317,7,210,186,557,563,383,0,8,170,449,59,454,395,551,337,208,272,600,116,205,197,448,594,284,445,396,497,189,219,49,92,562,540,133,153,538,398,420,626,25,541,530,618,251,23,131,442,465,587,111,163,22,37,232,430,86,370,40,560,261,377,191,350,474,322,274,13,52,639,510,209,68,534,24,459,487,622,120,532,222,4,270,269,505,89,222,223,601,618
GERF,10,4,100,5,0.611782074,210,15,252,64,0,614,121,31,518,395,629,59,449,317,208,445,405,272,557,41,448,186,133,189,337,7,206,600,476,551,274,603,170,442,398,163,462,219,540,111,284,454,340,350,510,251,116,156,205,383,49,370,8,261,562,36,530,197,13,622,40,245,120,563,196,538,471,94,377,594,626,618,86,270,497,4,534,560,505,52,25,200,209,191,9,537,532,92,153,2,541,322,285,396,487,463,23,131,33,465,45,127,362,519,600
GERF,10,4,100,5,0.530958176,210,317,614,64,629,15,59,518,252,405,395,41,603,445,0,133,31,272,340,121,208,337,350,454,476,600,49,551,284,448,111,449,120,462,206,497,557,7,274,189,510,538,163,196,8,251,541,398,562,205,170,153,197,40,116,270,92,540,370,563,25,532,245,261,534,471,618,186,560,219,463,36,442,626,544,200,52,622,594,232,2,209,86,4,13,156,94,487,131,130,335,505,396,377,37,24,465,537,474,191,118,119,134,135,241
GERF,10,5,100,5,14.17136192,48,45,267,627,516,410,610,156,28,487,346,274,367,510,31,43,139,523,636,217,380,0,188,582,150,635,622,314,263,97,363,596,386,130,502,271,18,327,397,142,393,407,400,637,40,586,430,205,615,312,555,418,545,55,603,179,195,547,229,223,140,69,294,634,265,419,548,257,175,147,515,591,390,640,404,537,396,485,7,492,87,38,212,328,500,184,11,609,215,51,126,20,122,614,503,121,415,297,570,306,151,152,299,360,361
GERF,10,5,100,5,0.657081604,48,45,267,627,610,410,487,516,156,28,346,367,139,636,31,0,314,274,217,43,582,523,510,635,150,188,263,622,380,271,97,596,130,363,386,327,18,407,40,502,586,418,142,637,312,397,393,400,555,205,545,603,294,615,229,547,55,195,430,257,179,634,140,69,223,265,640,548,492,396,328,147,212,419,175,11,537,404,500,51,38,515,126,184,215,485,87,591,7,609,20,390,333,101,121,503,498,122,415,297,147,188,494,495,496
GERF,10,5,100,5,0.519275665,48,45,267,627,516,487,410,610,156,622,346,43,523,367,582,139,510,636,274,271,363,150,31,188,386,217,130,28,327,18,637,314,263,97,40,397,418,205,393,586,555,548,430,0,55,380,635,257,312,492,615,223,596,229,294,634,502,142,195,215,390,500,537,184,328,175,609,126,38,75,147,614,396,407,20,603,121,101,370,92,404,400,545,415,546,543,236,212,498,570,355,426,87,600,265,388,140,76,306,86,577,578,579,580,581
GERF,10,5,100,5,0.526189804,48,627,45,267,487,610,516,410,346,156,43,367,271,523,139,217,582,363,150,274,510,636,28,386,40,327,263,622,418,18,188,31,130,555,586,314,397,637,97,635,205,294,229,312,492,0,55,223,257,634,430,615,537,393,548,20,195,380,126,396,142,215,596,184,407,147,390,328,38,212,502,500,545,175,92,101,603,236,498,121,68,370,404,609,570,75,614,415,265,400,600,546,426,343,355,547,87,86,543,632,228,243,403,518,544
GERF,10,5,100,5,0.509262085,48,627,45,267,487,610,516,410,156,346,367,43,274,582,271,523,217,622,636,510,363,139,28,150,188,31,386,327,18,263,40,130,314,97,418,635,637,397,555,586,0,205,380,430,294,312,55,615,229,393,492,548,223,195,257,596,634,537,142,396,20,126,502,184,407,215,390,328,38,212,147,603,545,175,92,500,609,404,400,121,236,614,498,101,265,370,570,415,140,68,75,546,547,600,426,87,355,543,632,86,410,411,412,596,597
GERF,10,5,100,5,0.532150269,48,627,267,45,410,610,487,516,156,346,367,28,523,43,274,139,582,217,510,636,150,31,188,314,622,0,635,263,271,363,130,386,327,380,97,40,18,586,596,637,418,397,555,312,205,142,393,407,502,55,615,229,430,294,400,257,223,545,634,603,195,492,548,537,396,147,547,328,265,175,179,184,640,140,212,500,215,38,20,126,609,404,390,498,121,87,51,101,515,69,11,591,415,614,570,370,7,92,297,306,75,209,524,599,606
GERF,10,5,100,5,0.522375107,48,45,627,267,516,487,610,410,43,346,156,274,367,523,510,217,139,363,188,150,582,271,386,263,18,622,636,31,130,28,40,97,327,397,418,637,205,555,314,635,430,223,586,0,380,393,615,229,294,312,195,492,537,390,55,548,634,596,257,184,142,603,20,502,545,175,126,396,614,147,215,407,38,92,609,404,328,500,400,212,498,370,570,87,415,75,236,265,546,547,121,355,101,68,140,343,306,477,640,543,306,313,314,427,482
GERF,10,5,100,5,0.484228134,48,627,45,267,487,610,410,516,156,346,367,43,523,139,582,271,636,150,28,217,274,622,188,31,510,263,363,130,40,386,418,327,18,314,635,637,97,586,397,555,0,312,380,205,229,393,55,294,223,548,430,596,492,615,257,634,195,537,142,20,407,147,184,502,126,396,603,545,215,328,390,212,175,500,38,400,101,547,498,87,609,265,236,404,415,570,140,370,75,68,92,640,121,614,426,546,76,531,86,355,89,222,223,601,618
GERF,10,5,100,5,0.517845154,48,267,45,627,610,410,516,487,156,346,367,43,28,274,217,510,523,139,636,150,582,363,31,314,263,622,188,271,386,0,635,18,97,130,327,40,380,418,397,637,586,555,596,205,393,615,142,502,312,430,407,229,223,294,257,55,400,634,603,195,545,492,537,548,396,500,175,212,265,404,147,328,215,547,38,184,609,20,126,140,390,179,640,614,92,87,498,121,370,570,7,415,591,546,51,236,125,101,515,306,45,127,362,519,600
GERF,10,5,100,5,0.527620316,48,45,267,627,516,487,610,410,346,156,367,43,274,523,217,28,510,636,150,139,31,582,363,188,622,130,263,271,386,314,97,18,327,635,0,40,380,418,205,637,586,555,397,596,430,615,312,142,223,294,393,229,407,502,257,603,634,55,492,545,400,195,548,537,184,396,500,390,147,175,404,609,328,215,265,38,547,20,126,212,640,614,498,140,179,87,92,570,121,415,546,370,101,75,125,236,297,426,51,343,118,119,134,135,241
GERF,10,6,100,5,14.36948776,267,471,301,128,212,382,148,63,396,464,246,181,459,524,168,237,96,155,377,90,450,393,9,5,26,112,149,60,74,631,115,412,362,82,144,537,576,65,269,286,245,469,441,627,596,614,440,78,114,35,361,481,425,344,411,13,351,157,270,324,335,558,526,470,392,19,227,520,360,135,591,158,535,390,445,454,376,487,89,573,600,494,191,420,466,139,4,368,504,404,281,68,231,478,584,309,125,315,366,375,151,152,299,360,361
GERF,10,6,100,5,0.657558441,267,301,471,63,128,382,148,212,464,396,181,246,168,90,524,155,450,459,96,393,377,5,237,9,149,26,112,631,627,286,537,144,82,362,74,65,60,596,114,614,35,351,411,481,361,470,245,441,576,392,412,115,344,558,425,440,269,469,13,324,270,526,157,445,19,158,535,78,135,4,584,591,600,191,573,227,487,360,376,139,335,520,68,404,420,281,454,504,368,494,231,390,579,462,364,247,125,315,624,433,147,188,494,495,496
GERF,10,6,100,5,0.472068787,471,148,212,301,267,396,382,464,63,168,450,246,128,155,26,459,377,5,181,74,393,537,96,149,441,361,631,286,524,82,324,90,614,9,412,65,440,344,362,144,627,112,35,466,237,60,470,445,425,376,114,504,454,411,632,558,239,624,520,526,270,245,600,139,368,351,135,78,579,584,191,576,392,494,319,420,125,115,433,309,227,617,353,596,247,68,253,513,158,360,469,4,366,334,591,561,184,481,563,364,577,578,579,580,581
GERF,10,6,100,5,0.420808792,301,267,63,148,471,396,382,464,212,168,450,181,96,26,35,149,393,155,128,631,627,5,537,246,459,74,614,90,524,60,82,112,361,286,441,114,344,144,65,470,324,377,411,270,237,412,600,245,362,617,558,9,445,466,526,624,440,504,632,139,584,376,135,239,454,351,368,579,392,425,494,535,420,191,481,319,68,78,596,158,247,576,125,522,520,424,513,433,4,121,366,184,279,231,108,462,309,312,334,115,228,243,403,518,544
GERF,10,6,100,5,0.434160233,267,471,301,63,148,382,464,396,212,168,128,450,96,181,155,246,393,26,35,459,149,537,631,74,90,524,5,614,627,112,82,377,361,144,65,60,344,286,114,237,412,441,324,9,245,362,270,470,600,411,440,466,526,558,376,454,632,425,135,420,351,504,445,78,584,139,368,239,191,494,617,576,624,520,596,579,68,481,535,392,115,125,513,158,424,366,319,433,247,360,231,309,4,487,121,522,469,13,462,227,410,411,412,596,597
GERF,10,6,100,5,0.466823578,301,267,471,212,63,382,148,464,396,128,168,155,450,246,181,96,459,5,149,393,90,237,26,524,377,627,631,9,537,361,112,286,614,35,441,74,65,82,60,362,412,114,245,144,470,344,351,324,440,392,558,411,481,596,425,445,115,576,270,526,600,78,535,158,135,469,157,139,504,13,376,191,420,4,269,454,584,466,579,494,520,487,68,19,239,591,368,227,364,624,125,433,632,617,360,281,319,462,247,404,75,209,524,599,606
GERF,10,6,100,5,0.447034836,267,148,212,301,471,396,464,382,63,128,450,181,168,96,393,26,5,524,246,631,155,459,74,149,614,60,90,112,82,237,627,537,35,441,412,65,361,9,245,362,270,286,377,324,144,344,470,411,600,114,376,454,440,466,139,558,624,526,445,425,78,504,319,191,520,351,576,135,617,368,584,632,420,392,494,579,481,239,184,596,125,360,231,513,158,68,433,309,535,115,591,247,366,563,469,522,154,424,487,561,306,313,314,427,482
GERF,10,6,100,5,0.524759293,267,301,471,63,148,396,212,382,464,128,168,181,96,450,393,155,246,26,459,627,5,149,631,524,35,74,90,60,537,614,361,237,377,112,286,82,441,65,144,9,245,344,411,362,270,558,470,412,114,351,324,600,425,526,440,584,445,420,466,139,135,504,392,78,624,376,617,535,576,191,579,596,481,494,368,632,239,158,454,115,520,513,68,4,247,319,433,125,360,231,184,366,591,334,227,424,462,469,121,487,89,222,223,601,618
GERF,10,6,100,5,0.442028046,267,301,471,382,212,148,63,464,128,396,168,450,181,246,96,155,393,524,26,459,90,149,5,237,631,112,82,614,377,74,627,537,9,35,412,361,60,245,144,114,286,65,470,362,344,441,411,324,270,440,481,558,576,392,526,596,600,351,425,376,139,78,454,115,469,445,135,191,13,158,584,504,520,535,420,368,466,269,494,617,68,125,624,487,632,157,239,579,433,319,591,4,19,231,360,227,335,184,513,309,45,127,362,519,600
GERF,10,6,100,5,0.455856323,267,301,471,212,382,464,148,396,128,63,450,168,246,155,181,96,393,5,26,524,237,149,459,90,631,614,9,627,74,361,112,537,82,377,245,60,362,35,65,286,470,441,412,144,270,344,114,440,392,411,324,558,445,600,596,425,351,376,576,526,481,454,139,191,504,158,135,78,584,624,520,319,466,115,368,535,579,494,617,13,239,469,420,632,4,433,487,68,125,513,231,157,591,184,309,360,227,154,462,247,118,119,134,135,241
GERF,10,7,100,5,15.50984383,59,420,255,389,602,309,372,182,170,199,7,28,363,224,197,326,80,315,357,68,402,637,429,15,6,187,395,523,19,60,212,458,518,628,97,188,629,465,181,334,592,194,49,290,135,206,117,196,367,377,140,245,276,504,581,318,185,205,250,507,470,304,364,627,24,642,635,164,125,201,61,299,229,502,468,20,307,162,566,452,105,426,399,4,22,460,258,297,322,202,560,630,345,597,168,596,484,528,453,573,151,152,299,360,361
GERF,10,7,100,5,0.633001328,59,372,420,309,255,602,389,326,182,363,224,199,170,7,357,80,15,197,28,402,315,19,637,68,60,6,187,458,523,188,212,181,429,395,334,290,592,628,465,518,194,97,49,629,245,377,140,135,250,276,205,504,367,318,117,185,206,196,304,364,627,507,470,125,581,24,635,642,229,201,105,597,162,299,164,20,307,502,468,61,399,460,560,22,426,297,630,4,452,202,258,453,596,566,484,322,496,573,345,168,147,188,494,495,496
GERF,10,7,100,5,0.557184219,420,182,389,59,309,602,372,19,326,7,255,199,363,197,212,170,68,315,60,80,592,429,637,357,395,97,28,187,629,465,224,15,377,290,334,194,523,628,402,205,518,135,250,458,140,196,206,627,201,61,229,6,185,188,125,181,470,245,621,468,258,507,49,364,504,502,297,22,460,528,597,642,367,202,276,117,596,53,4,294,566,635,573,514,453,413,105,471,525,345,496,318,379,439,399,139,550,227,633,473,577,578,579,580,581
GERF,10,7,100,5,0.533819199,59,372,420,326,309,182,602,255,389,7,363,80,19,197,199,315,637,357,68,170,15,97,629,28,290,395,402,377,334,194,592,212,187,60,465,429,504,140,250,135,627,523,628,224,188,205,181,597,6,458,245,201,61,196,258,364,185,206,229,518,507,502,468,496,125,49,470,635,596,22,4,202,460,105,621,117,318,276,573,453,399,367,514,297,139,566,294,642,345,613,528,471,38,53,24,616,550,413,287,379,228,243,403,518,544
GERF,10,7,100,5,0.552654266,59,420,372,309,182,602,389,326,7,255,199,170,197,637,363,315,357,80,28,19,68,15,395,629,187,97,592,212,334,402,429,377,60,194,290,523,465,224,135,250,628,504,627,205,188,196,458,518,140,6,181,245,185,206,201,61,49,364,229,258,502,117,507,470,468,635,597,318,125,276,367,596,22,202,399,4,460,573,105,621,566,514,496,642,297,345,453,525,24,139,294,162,304,53,287,471,528,581,550,307,410,411,412,596,597
GERF,10,7,100,5,0.531196594,372,59,420,309,602,255,389,182,326,363,199,170,7,357,28,80,224,197,15,19,315,68,637,60,402,187,212,395,290,523,465,97,188,458,592,429,181,334,194,6,628,377,629,135,518,245,205,140,250,206,367,49,185,504,627,196,117,276,125,318,364,507,597,470,201,635,229,61,105,468,502,581,304,642,24,22,162,307,399,460,202,299,258,4,596,297,453,630,573,164,566,496,20,525,621,484,560,452,528,514,75,209,524,599,606
GERF,10,7,100,5,0.515222549,420,59,182,389,255,602,326,372,309,80,68,637,363,170,199,197,7,28,629,395,357,315,97,19,402,60,377,187,194,429,212,592,334,15,290,465,523,135,196,628,6,140,224,206,504,258,229,627,458,61,205,518,250,125,181,188,468,507,502,597,470,596,364,367,245,117,201,635,185,318,642,276,4,460,573,49,22,496,566,528,399,202,297,294,439,453,235,345,227,379,525,514,621,139,105,581,53,24,616,38,306,313,314,427,482
GERF,10,7,100,5,0.510692596,59,420,372,326,309,255,182,602,389,363,7,199,80,197,19,637,357,315,68,170,28,402,15,212,290,592,187,395,60,97,224,334,523,429,465,377,194,629,188,135,628,181,140,6,504,250,627,458,196,205,518,245,206,49,185,364,276,470,61,229,507,125,201,597,258,635,468,4,117,318,460,502,367,22,105,596,642,453,496,202,297,573,399,514,304,139,566,621,345,528,162,471,525,294,581,24,613,307,227,299,89,222,223,601,618
GERF,10,7,100,5,0.483036041,59,420,309,372,182,602,255,389,326,170,363,199,7,28,197,80,357,637,68,315,19,15,224,402,395,97,187,60,629,194,523,334,212,429,377,465,458,290,592,6,188,628,135,181,518,250,504,245,205,206,196,140,367,318,627,117,364,49,507,185,125,635,229,470,597,502,276,61,201,468,24,258,596,105,642,22,581,399,496,304,460,299,164,202,297,307,566,4,573,162,345,630,453,452,621,525,514,484,528,20,45,127,362,519,600
GERF,10,7,100,5,0.477313995,420,59,182,309,372,389,602,255,363,326,170,199,80,357,68,28,19,315,197,637,60,224,7,15,402,395,97,212,187,194,629,592,290,377,465,334,429,523,458,188,135,6,628,181,250,518,206,367,196,245,125,140,205,627,504,229,597,61,635,117,185,318,507,276,470,468,258,364,502,596,49,642,201,399,4,304,299,581,22,24,105,460,496,573,202,528,297,307,566,525,452,630,439,453,345,621,162,164,633,514,118,119,134,135,241
GERF,10,8,100,5,14.00017738,285,254,369,498,33,475,590,45,597,433,155,169,278,300,147,608,140,358,145,413,359,31,207,624,353,357,441,390,67,58,591,107,172,194,593,489,604,435,377,335,48,69,338,39,236,598,16,238,630,36,288,271,109,131,253,216,404,638,8,27,25,91,328,537,425,209,427,524,44,603,190,323,245,345,68,242,388,415,101,503,447,224,280,412,118,193,577,133,219,528,539,319,232,519,352,290,516,497,555,626,151,152,299,360,361
GERF,10,8,100,5,0.673294067,285,254,369,498,155,475,33,433,45,590,597,300,169,608,358,147,413,278,140,207,624,359,390,357,67,441,489,353,593,58,598,31,36,145,338,39,194,107,172,69,591,48,604,236,335,16,435,377,131,288,238,109,8,209,630,253,91,603,44,425,404,271,216,27,427,25,345,224,323,537,524,328,245,190,638,415,388,68,101,242,412,447,528,577,219,118,319,539,193,352,519,280,503,133,232,555,516,626,60,290,147,188,494,495,496
GERF,10,8,100,5,0.441789627,285,45,498,590,254,33,147,597,369,433,300,475,358,67,155,608,278,353,58,624,169,145,377,390,140,69,335,593,194,413,36,604,207,107,16,359,39,172,427,338,236,357,630,91,435,253,209,524,489,328,131,25,447,603,425,441,44,48,242,388,8,31,224,109,412,280,288,404,60,591,638,577,537,415,271,238,94,118,438,519,399,101,503,345,232,598,352,190,245,539,311,528,133,120,27,216,426,223,144,89,577,578,579,580,581
GERF,10,8,100,5,0.460386276,285,498,33,254,45,590,475,369,300,155,608,140,433,147,624,169,338,593,353,107,69,67,207,390,194,16,358,131,36,278,58,597,39,604,172,377,489,335,630,91,413,224,145,357,435,359,48,427,253,44,236,441,537,25,425,31,209,352,238,603,328,577,447,8,242,591,412,638,388,60,524,109,598,118,271,345,539,415,288,101,280,404,426,159,120,223,519,311,89,438,503,584,399,219,190,245,94,484,71,232,228,243,403,518,544
GERF,10,8,100,5,0.434160233,285,498,254,45,33,590,475,300,369,433,155,140,147,608,597,624,169,358,390,69,278,58,67,593,194,207,338,604,353,16,107,145,39,377,335,413,489,172,36,630,131,359,435,441,48,31,357,236,91,425,427,25,224,253,44,603,537,524,591,209,238,109,242,328,8,577,447,271,638,598,352,288,412,388,345,415,404,118,60,280,101,539,190,311,232,27,503,519,245,89,438,216,120,426,223,319,516,219,568,159,410,411,412,596,597
GERF,10,8,100,5,0.520706177,285,498,254,369,475,33,45,433,155,590,608,169,300,147,140,358,597,278,624,413,67,593,207,441,107,390,353,357,58,338,36,194,69,359,39,172,145,489,335,604,16,48,131,236,377,598,31,435,591,630,91,253,427,238,109,288,209,8,224,25,44,425,603,404,524,537,271,415,328,216,345,242,388,27,638,412,190,101,577,245,352,447,118,219,323,539,280,503,232,528,68,60,519,319,193,133,516,555,223,71,75,209,524,599,606
GERF,10,8,100,5,0.44131279,285,33,498,254,590,45,300,475,147,369,433,140,353,278,169,145,597,155,608,107,390,58,338,207,172,593,624,630,194,358,39,377,413,67,16,69,604,359,357,131,91,36,441,435,328,489,335,638,31,236,427,25,44,253,48,238,209,537,224,447,591,425,412,109,280,271,388,288,524,577,603,118,8,242,503,352,404,539,598,101,415,27,519,345,190,245,216,568,60,426,516,403,438,311,219,232,94,339,223,399,306,313,314,427,482
GERF,10,8,100,5,0.446796417,285,33,254,590,498,45,369,475,155,300,608,433,140,147,169,624,358,67,207,278,390,597,593,353,338,69,413,107,58,39,145,194,16,172,377,36,489,335,131,604,357,359,441,435,630,91,236,48,425,31,25,224,591,253,603,427,109,238,537,598,209,638,44,328,8,388,577,447,288,412,242,404,524,60,345,271,27,415,352,101,539,280,118,519,190,245,223,89,216,503,232,120,516,219,311,426,438,319,528,584,89,222,223,601,618
GERF,10,8,100,5,0.509262085,285,498,254,475,33,369,433,45,590,155,300,147,597,140,608,278,169,413,338,358,624,107,67,172,58,194,207,390,353,593,69,357,145,16,604,39,359,36,441,131,489,48,31,377,630,335,435,236,591,253,238,91,209,44,598,427,224,288,109,328,25,425,271,8,537,404,603,524,638,412,415,447,577,242,118,388,352,27,345,216,190,101,280,245,219,539,503,323,319,519,60,232,68,528,311,133,555,516,71,193,45,127,362,519,600
GERF,10,8,100,5,0.443935394,285,498,254,590,369,33,475,45,300,433,147,140,155,597,169,358,608,278,413,58,145,353,107,593,338,36,390,207,357,172,39,67,194,624,441,69,359,604,131,16,377,335,630,236,489,48,91,209,238,253,427,31,435,288,44,224,328,598,109,25,591,524,388,8,638,412,404,537,603,425,271,577,242,447,415,118,101,280,27,190,345,352,216,503,219,245,539,519,232,68,60,319,555,516,71,323,426,311,133,568,118,119,134,135,241
GERF,10,9,100,5,14.44959641,202,348,296,158,83,497,225,441,569,626,484,386,431,624,368,248,329,499,344,448,430,231,279,538,93,498,315,496,176,620,410,68,155,505,148,185,390,27,239,378,85,642,358,163,170,29,173,324,275,201,380,403,587,605,6,415,584,300,520,555,210,377,594,360,320,147,109,452,101,89,450,290,469,223,593,464,614,629,106,134,159,276,609,5,355,179,521,466,124,539,397,58,0,571,373,471,40,641,543,447,151,152,299,360,361
GERF,10,9,100,5,0.747919083,348,202,296,158,83,497,225,569,441,626,484,386,624,431,248,368,344,329,448,499,430,279,538,231,93,498,176,315,496,410,155,505,620,185,68,390,148,239,27,163,85,358,170,642,378,201,173,29,380,275,324,403,605,6,587,415,210,584,377,360,555,594,109,452,89,290,101,300,147,469,520,464,159,450,593,320,106,5,179,223,629,276,614,609,134,521,355,539,466,124,40,397,58,0,543,373,641,447,571,449,147,188,494,495,496
GERF,10,9,100,5,0.554084778,348,83,296,202,158,497,441,569,225,386,484,626,368,499,344,430,624,498,93,329,315,431,248,155,410,231,448,496,538,505,620,85,27,68,173,170,148,279,29,642,163,201,176,403,415,378,239,584,358,101,185,520,380,555,390,210,377,109,89,605,452,469,324,614,360,6,159,179,106,521,593,609,594,147,5,543,320,629,447,58,539,397,124,74,199,300,355,290,641,51,542,45,471,275,527,466,587,40,0,144,577,578,579,580,581
GERF,10,9,100,5,0.568389893,348,83,202,296,158,497,441,569,626,484,225,386,368,624,344,430,499,498,93,248,431,329,155,315,496,410,231,85,448,68,505,27,538,620,29,176,163,170,148,173,279,642,201,415,403,358,452,210,584,360,555,6,378,185,377,380,520,101,179,605,109,239,390,159,614,324,469,609,593,594,5,89,320,543,147,106,629,521,447,539,58,290,397,51,40,542,641,124,275,466,199,464,563,223,300,527,45,74,471,587,228,243,403,518,544
GERF,10,9,100,5,0.506639481,348,202,83,296,158,497,441,569,225,386,484,626,344,624,368,499,430,498,431,93,315,248,155,329,231,496,410,448,85,505,538,27,68,620,29,176,279,148,163,642,173,170,358,201,415,185,378,403,584,390,239,210,380,452,360,101,520,6,555,377,605,324,469,179,109,159,614,593,89,594,320,5,609,106,521,147,539,629,543,290,275,397,447,58,51,300,124,587,464,40,466,641,199,223,527,355,45,471,0,74,410,411,412,596,597
GERF,10,9,100,5,0.584840775,348,296,202,83,158,497,441,225,569,626,386,484,624,368,248,344,431,430,499,498,93,329,231,315,538,496,448,279,155,176,410,505,68,620,148,27,390,85,163,185,170,358,642,239,201,173,29,378,380,403,6,324,605,415,210,584,275,520,109,555,452,360,377,101,594,89,587,147,159,469,593,106,609,290,320,179,614,300,5,629,464,521,539,223,450,124,466,543,355,58,447,134,40,397,641,276,0,51,471,571,75,209,524,599,606
GERF,10,9,100,5,0.626564026,348,83,158,296,202,497,441,569,386,225,484,626,624,368,430,344,499,248,329,431,496,93,498,315,155,410,231,68,27,448,620,538,85,505,29,173,163,642,279,170,148,176,378,403,415,201,358,520,584,555,380,452,360,605,6,239,377,101,185,210,390,109,324,614,179,609,469,593,594,320,159,106,89,147,629,5,539,521,58,447,397,543,275,587,300,51,223,355,124,199,290,466,641,45,464,74,542,527,40,471,306,313,314,427,482
GERF,10,9,100,5,0.624418259,348,83,296,202,158,497,441,569,225,626,484,386,624,368,344,499,248,431,430,93,329,315,498,410,496,231,155,448,176,505,68,85,538,279,27,620,148,170,163,642,173,29,201,185,358,403,380,415,390,584,239,452,378,6,210,605,377,555,109,360,520,101,324,179,593,469,614,89,159,609,147,5,594,106,290,320,521,275,629,543,587,539,397,58,51,447,124,464,300,466,40,641,223,355,542,74,471,199,45,563,89,222,223,601,618
GERF,10,9,100,5,0.584602356,348,202,83,296,158,497,569,441,225,626,484,386,624,368,344,431,430,248,499,498,231,329,496,93,315,448,538,155,410,176,279,68,620,505,27,148,85,163,170,378,642,173,358,29,390,185,201,239,324,403,380,415,605,360,6,210,584,555,452,109,377,520,101,275,594,159,587,89,320,469,147,593,609,614,179,290,629,106,5,464,300,521,223,539,543,58,124,466,447,355,397,450,40,641,134,0,51,527,199,616,45,127,362,519,600
GERF,10,9,100,5,0.591754913,348,158,83,296,202,497,569,441,225,386,626,624,484,430,368,248,344,431,499,498,93,496,231,329,538,315,155,448,410,279,68,620,176,505,27,163,148,85,642,173,170,378,29,201,390,239,358,403,185,605,6,415,380,210,520,324,584,555,360,109,452,377,101,594,159,609,89,587,147,179,106,469,593,320,275,614,521,629,290,300,5,464,539,223,543,447,58,466,124,641,355,397,40,527,542,199,134,0,51,74,118,119,134,135,241
GERF,10,10,100,5,14.34254646,304,231,548,446,579,238,416,47,532,240,429,515,485,371,417,324,382,243,358,162,519,245,197,524,99,27,132,533,11,395,492,94,314,341,571,176,610,488,55,616,222,322,41,25,410,480,365,259,602,8,454,525,366,217,63,159,405,491,436,101,585,194,380,110,506,257,482,368,166,187,5,484,411,583,302,254,471,24,391,123,283,7,178,122,93,420,343,557,413,520,10,442,428,51,576,207,338,354,312,46,151,152,299,360,361
GERF,10,10,100,5,0.632286072,304,231,548,446,579,429,532,238,417,240,416,485,515,324,47,371,243,197,162,382,358,245,519,27,11,533,314,524,99,492,132,602,94,616,610,395,176,480,365,55,488,322,454,410,25,341,571,259,222,8,366,491,41,436,63,101,217,585,110,506,257,159,405,368,187,194,24,525,471,380,123,482,302,411,254,5,283,583,166,391,484,207,93,413,442,122,420,343,10,178,227,51,520,428,576,557,7,338,247,198,147,188,494,495,496
GERF,10,10,100,5,0.591516495,304,231,548,417,240,416,429,446,47,485,532,579,238,371,324,243,524,382,245,533,515,55,11,132,519,492,162,25,358,616,176,488,94,27,610,341,101,197,314,365,395,366,410,8,436,257,491,585,480,99,41,110,194,222,571,506,471,602,322,24,343,525,368,411,482,454,428,63,259,187,302,159,354,576,32,420,180,583,199,93,557,435,283,247,609,5,391,419,598,465,552,584,51,178,338,262,413,223,80,415,577,578,579,580,581
GERF,10,10,100,5,0.542402267,304,417,446,579,548,231,429,240,532,485,238,243,47,524,416,515,324,492,11,245,25,519,382,358,94,371,197,176,480,27,488,365,101,162,610,533,132,616,55,410,8,491,110,506,341,436,602,222,314,395,99,585,24,366,368,471,322,41,454,257,482,194,259,571,411,187,247,576,419,343,283,63,428,525,302,5,199,391,552,420,178,51,223,583,557,262,598,435,93,354,180,588,122,32,18,159,353,338,405,609,228,243,403,518,544
GERF,10,10,100,5,0.566005707,304,231,417,579,548,446,238,429,532,240,485,47,416,515,243,524,324,492,371,382,358,519,245,11,25,132,27,197,176,162,533,610,365,55,94,480,488,616,341,395,101,8,436,410,99,314,602,222,110,506,366,585,322,491,41,571,482,471,454,194,368,257,24,259,411,525,187,63,5,428,576,343,302,178,283,391,199,583,247,159,420,419,557,435,217,405,254,51,354,32,552,93,207,588,223,609,122,180,380,598,410,411,412,596,597
GERF,10,10,100,5,0.584602356,304,231,548,579,417,446,532,238,429,485,416,240,515,47,324,243,519,371,358,245,524,382,197,533,492,11,27,162,132,610,99,314,176,94,488,55,616,602,25,395,365,341,480,322,410,222,571,259,8,101,454,436,366,41,585,491,110,506,63,368,257,187,217,525,194,482,471,24,302,159,411,5,583,405,283,391,254,123,380,343,576,420,122,247,428,93,178,207,413,557,51,166,199,338,520,419,503,552,32,354,75,209,524,599,606
GERF,10,10,100,5,0.558614731,304,579,446,231,548,417,238,240,429,47,485,532,243,524,515,416,245,324,371,519,382,11,94,358,492,25,488,176,197,610,27,132,8,365,480,162,101,341,395,410,222,616,99,55,491,506,436,533,525,585,366,110,571,194,314,41,454,257,482,368,259,411,322,24,602,5,576,343,471,187,552,63,419,247,93,302,354,178,557,51,428,283,159,32,583,435,122,405,391,46,199,609,338,420,180,31,217,588,246,262,306,313,314,427,482
GERF,10,10,100,5,0.509023666,304,231,417,548,446,429,579,238,240,532,485,416,47,243,515,519,524,492,245,324,371,197,11,382,358,94,132,162,533,480,25,27,616,176,602,365,488,101,610,55,410,395,99,314,341,110,8,436,222,491,506,366,585,24,322,571,454,368,259,257,41,194,411,525,482,63,187,302,471,283,343,247,5,576,391,159,583,557,51,217,598,93,419,405,199,122,428,178,180,420,32,254,207,609,338,552,435,413,223,380,89,222,223,601,618
GERF,10,10,100,5,0.54526329,304,231,579,548,446,417,532,238,240,485,47,416,429,515,324,243,524,245,371,382,11,492,27,358,197,519,162,94,488,99,610,176,25,132,533,314,365,616,55,480,341,395,410,222,8,259,491,322,366,454,602,41,101,571,585,436,506,110,525,63,194,187,257,368,471,482,217,411,405,5,24,302,159,583,283,178,576,254,380,420,343,93,391,428,123,247,552,122,51,557,338,419,354,435,413,166,46,32,207,199,45,127,362,519,600
GERF,10,10,100,5,0.540733337,304,231,548,579,446,417,532,240,485,429,238,47,416,243,515,324,245,524,358,382,11,492,519,371,610,197,488,27,94,132,25,176,162,99,533,55,365,314,616,395,341,8,222,480,410,101,436,454,366,506,259,491,585,602,322,110,571,41,525,257,368,187,194,63,482,471,411,583,302,5,24,283,576,343,247,159,93,217,428,51,405,552,391,32,419,122,123,254,338,420,557,413,178,46,435,199,354,380,198,207,118,119,134,135,241